Date,BCI,BCIp,BCIg
1/3/80,102.5,-76.1,-4.7
1/10/80,101.8,-85.6,-5.6
1/17/80,102,-83.2,-6.3
1/24/80,101.9,-85.4,-6.5
1/31/80,101.6,-89.3,-6.6
2/7/80,101.1,-97,-6.6
2/14/80,101,-97.7,-6.7
2/21/80,100.3,-108,-7
2/28/80,99.8,-116,-7.5
3/6/80,99.3,-123.2,-7.9
3/13/80,98.1,-140.6,-8.8
3/20/80,97,-155.9,-9.9
3/27/80,95.5,-178.5,-11.3
4/3/80,94.8,-188.8,-12.8
4/10/80,94.6,-191.2,-13.9
4/17/80,94.1,-199,-14.7
4/24/80,93.1,-213.8,-15.2
5/1/80,92.2,-226.3,-15.8
5/8/80,91.4,-238.6,-16.7
5/15/80,90.2,-255.9,-17.8
5/22/80,89.7,-263.8,-18.7
5/29/80,88.3,-284.9,-19.8
6/5/80,86.7,-307.8,-21.1
6/12/80,86.1,-316.6,-22.2
6/19/80,85.7,-322.3,-23.2
6/26/80,86.3,-313.6,-23.4
7/3/80,86.5,-310.2,-22.8
7/10/80,86.8,-306.5,-21.8
7/17/80,87.1,-301.2,-20.5
7/24/80,87.7,-292.5,-19.3
7/31/80,88.5,100,-17.8
8/7/80,88.8,100,-16.2
8/14/80,89.5,100,-14.5
8/21/80,89.6,100,-13.1
8/28/80,90.6,100,-11.5
9/4/80,90.9,100,-9.9
9/11/80,91.3,100,-8.4
9/18/80,92.1,100,-6.6
9/25/80,92.9,100,-4.9
10/2/80,92.5,93.5,-3.5
10/9/80,93.3,100,-1.9
10/16/80,93.6,100,-0.6
10/23/80,94,100,0.6
10/30/80,93.4,89.1,1.6
11/6/80,93,82.5,2
11/13/80,93.6,92.2,2.5
11/20/80,94.8,100,3.4
11/27/80,95.1,100,4.7
12/4/80,94.7,92.9,6.1
12/11/80,94,80.2,6.7
12/18/80,93.5,71.3,6.5
12/25/80,94.2,84.5,6.5
1/1/81,94.7,91.9,6.9
1/8/81,94.6,91.6,7.6
1/15/81,94,80.2,8.2
1/22/81,93.9,78.1,8.3
1/29/81,93.2,65.4,7.9
2/5/81,92.7,57.6,7.2
2/12/81,92.7,56.9,6.8
2/19/81,92.3,50.7,6.3
2/26/81,91.4,35,5.7
3/5/81,91.5,36.7,5.5
3/12/81,91.6,37.8,5.2
3/19/81,92,45,5.3
3/26/81,92.2,48.4,6
4/2/81,92.2,47.9,6.6
4/9/81,92,45,7
4/16/81,91.7,40.3,7
4/23/81,92,44.6,7
4/30/81,91.7,39.7,6.8
5/7/81,90.9,25.6,6.3
5/14/81,90.3,15.1,5.6
5/21/81,90.3,15.3,4.7
5/28/81,89.9,7.2,3.8
6/4/81,89.4,-0.2,3
6/11/81,88.8,-11.7,2.1
6/18/81,88.9,-10.4,1.3
6/25/81,88.5,-16.2,0.5
7/2/81,88.2,-23,-0.3
7/9/81,87.2,-40.6,-1.2
7/16/81,87.3,-37.8,-2.1
7/23/81,87.3,-38.2,-2.8
7/30/81,86.4,-54.9,-3.7
8/6/81,86.1,-59.8,-4.2
8/13/81,86.1,-59.9,-4.8
8/20/81,85.2,-75.2,-5.8
8/27/81,84.3,-91.3,-6.7
9/3/81,83.5,-105.5,-7.9
9/10/81,82.7,-119.5,-9.4
9/17/81,82.7,-119.1,-10.4
9/24/81,81.6,-138,-11.4
10/1/81,80.5,-158,-12.5
10/8/81,80.4,-160.1,-13.3
10/15/81,80.2,-162.9,-14.1
10/22/81,79.7,-172.6,-14.7
10/29/81,78.8,-187.9,-15
11/5/81,78.7,-190.8,-15.4
11/12/81,78.2,-198,-15.9
11/19/81,77.5,-212.1,-16.5
11/26/81,77.3,-214,-16.8
12/3/81,77.3,-215,-16.9
12/10/81,77.2,-217,-16.9
12/17/81,76.4,-230,-16.8
12/24/81,76.4,-231.4,-16.7
12/31/81,76,-238.1,-16.8
1/7/82,75.5,-246.6,-17
1/14/82,74.9,-257.2,-17.2
1/21/82,74.9,-256.6,-17.2
1/28/82,75.1,-253.9,-17.1
2/4/82,75.6,-243.9,-16.3
2/11/82,75.4,-248.2,-15.4
2/18/82,75,-255.5,-14.8
2/25/82,74,-273.1,-14.7
3/4/82,73.3,-286.1,-15.4
3/11/82,72.3,-303.3,-16.4
3/18/82,71.8,-311.6,-17.4
3/25/82,72,-308.8,-17.8
4/1/82,71.5,-316.8,-18
4/8/82,71.4,-318.3,-17.7
4/15/82,71.3,-320.1,-17.3
4/22/82,70.9,-327.7,-17.1
4/29/82,70.7,-331,-16.8
5/6/82,70.4,-336.5,-16.6
5/13/82,70.4,-336.4,-16.3
5/20/82,69.9,-344.8,-16.1
5/27/82,69.1,-359.8,-16.2
6/3/82,68.1,-376.6,-16.7
6/10/82,67.8,-383.2,-17.4
6/17/82,67.3,-390.6,-18.1
6/24/82,66.8,-399.9,-18.5
7/1/82,67.3,-391.8,-18.2
7/8/82,67.2,-393,-17.7
7/15/82,67.2,-392.4,-17
7/22/82,67.7,-385.1,-15.7
7/29/82,67.2,-393.4,-15
8/5/82,66.6,-403.5,-14.6
8/12/82,66,-413.9,-14.5
8/19/82,66,-414.4,-14.7
8/26/82,67,-396.2,-14
9/2/82,67.5,-388.6,-12.7
9/9/82,67.8,-382.9,-10.9
9/16/82,67.8,-383.4,-9.1
9/23/82,67.7,-385.1,-8
9/30/82,67.8,-383.4,-7.2
10/7/82,67.6,-385.8,-6.6
10/14/82,68.6,-367.6,-5.4
10/21/82,68.9,-363.1,-4
10/28/82,69.7,-348.1,-2.2
11/4/82,70.1,-342.1,0
11/11/82,70.9,-328.1,2
11/18/82,70.5,-335.1,3.5
11/25/82,70.3,-337.8,4.4
12/2/82,70.2,100,4.9
12/9/82,71.1,100,5.4
12/16/82,70.9,96.2,6
12/23/82,71.1,100,6.9
12/30/82,72.2,100,8.6
1/6/83,72.6,100,10
1/13/83,74.1,100,12.6
1/20/83,75,100,15.6
1/27/83,74.7,93.5,17.5
2/3/83,75,100,19.3
2/10/83,75.3,100,20.2
2/17/83,75.6,100,20.7
2/24/83,75.6,99.6,21.4
3/3/83,76.6,100,22.5
3/10/83,77.1,100,23.8
3/17/83,77.2,100,24.9
3/24/83,77.3,100,25.9
3/31/83,77.5,100,26.4
4/7/83,77.5,99.6,26.3
4/14/83,77.7,100,26.2
4/21/83,78,100,26.4
4/28/83,78.6,100,26.9
5/5/83,79.1,100,27.7
5/12/83,79.7,100,28.7
5/19/83,79.7,100,29.5
5/26/83,80.4,100,30.3
6/2/83,80.6,100,30.8
6/9/83,81.4,100,31.4
6/16/83,81.7,100,32.1
6/23/83,82.5,100,32.8
6/30/83,82.9,100,33.6
7/7/83,83.4,100,34.2
7/14/83,84,100,34.9
7/21/83,84.2,100,35.1
7/28/83,84.9,100,35.6
8/4/83,84.7,95,35.4
8/11/83,84.8,97.9,35
8/18/83,85.3,100,34.6
8/25/83,85.2,97.4,33.6
9/1/83,84.9,92,32.5
9/8/83,85.2,97.8,31.6
9/15/83,85.2,98.8,30.5
9/22/83,85.5,100,29.6
9/29/83,85.7,100,29.1
10/6/83,85.4,95.4,28.2
10/13/83,86.4,100,28
10/20/83,86.5,100,27.6
10/27/83,86.7,100,27.3
11/3/83,86.9,100,27.3
11/10/83,87.1,100,26.8
11/17/83,88.1,100,26.9
11/24/83,88.3,100,26.9
12/1/83,88.3,100,26.9
12/8/83,88.7,100,27
12/15/83,89,100,26.6
12/22/83,89.1,100,26.1
12/29/83,89.2,100,25.7
1/5/84,89.6,100,25.3
1/12/84,90.6,100,25.4
1/19/84,91,100,25.7
1/26/84,92.2,100,26.7
2/2/84,92.6,100,27.8
2/9/84,92.6,99.1,28.1
2/16/84,92.5,96.7,28.2
2/23/84,92.8,100,27.6
3/1/84,92.8,98.9,26.8
3/8/84,92.4,92.6,25.8
3/15/84,92.3,90.5,24.8
3/22/84,92.6,96.2,23.8
3/29/84,92.6,96.3,22.9
4/5/84,92.8,99.7,22.4
4/12/84,92.6,95.4,21.8
4/19/84,92.9,100,21.2
4/26/84,92.8,98.3,20.5
5/3/84,92.9,99.9,19.8
5/10/84,92.8,98,19.2
5/17/84,92.5,93.7,18.3
5/24/84,92.2,88.2,17.3
5/31/84,91.8,81.1,16.1
6/7/84,92.5,92.9,15.3
6/14/84,92.6,94.6,14.8
6/21/84,92.3,89.9,14.4
6/28/84,92.5,93.4,14.3
7/5/84,92.6,95,13.9
7/12/84,92.7,96.4,13.5
7/19/84,92.4,91.2,13.1
7/26/84,92.3,89.5,12.6
8/2/84,92.8,98.5,12.3
8/9/84,94.1,100,12.7
8/16/84,94.7,100,13.6
8/23/84,94.6,98.3,14.5
8/30/84,94.4,95.3,15
9/6/84,94.1,89.9,14.6
9/13/84,93.9,86,13.8
9/20/84,94.1,89.5,13.1
9/27/84,93.4,77.7,12.2
10/4/84,93,70.2,11.2
10/11/84,92.4,59.3,10
10/18/84,92.5,61.1,8.8
10/25/84,92.4,60.2,8
11/1/84,92.9,69.3,7.7
11/8/84,93.5,79.7,8.1
11/15/84,93.5,79.9,8.4
11/22/84,93.4,78,8.7
11/29/84,93.5,79.5,8.7
12/6/84,93.5,80.2,8.5
12/13/84,93.9,86.9,8.5
12/20/84,94.1,90.8,8.7
12/27/84,93.7,82.9,8.6
1/3/85,93.8,83.9,8.5
1/10/85,93.3,76.6,8
1/17/85,93.6,81,7.5
1/24/85,94.2,90.9,7.6
1/31/85,95,100,8.2
2/7/85,94.9,98,8.9
2/14/85,94.9,97.4,9.5
2/21/85,94.9,97.3,9.8
2/28/85,95,100,9.7
3/7/85,95.3,100,9.8
3/14/85,95.3,100,9.9
3/21/85,95.3,99.3,10.1
3/28/85,95.7,100,10.3
4/4/85,96.2,100,10.7
4/11/85,96.5,100,11.2
4/18/85,96.7,100,11.8
4/25/85,96.6,97.9,12.1
5/2/85,96.5,96.5,12.1
5/9/85,96.5,97.3,12
5/16/85,96.9,100,12
5/23/85,97.5,100,12.3
5/30/85,97.2,96.2,12.5
6/6/85,97.2,96.1,12.7
6/13/85,97,92.6,12.5
6/20/85,96.7,87.5,11.9
6/27/85,97.5,100,11.9
7/4/85,98.2,100,12.2
7/11/85,98.7,100,12.8
7/18/85,98.6,99.7,13.6
7/25/85,98.9,100,14.1
8/1/85,99.2,100,14.4
8/8/85,99.3,100,14.5
8/15/85,99.3,99.3,14.5
8/22/85,99.1,96.1,14.4
8/29/85,99.3,100,14.3
9/5/85,99.6,100,14.2
9/12/85,99.5,98.6,14.1
9/19/85,99,90.3,13.8
9/26/85,98.7,85.4,13.3
10/3/85,98.9,88.7,12.7
10/10/85,98.6,83.1,12
10/17/85,98.6,82.6,11.5
10/24/85,99,90.6,11.4
10/31/85,98.6,82.7,11
11/7/85,98.5,81.4,10.7
11/14/85,98.7,85.3,10.5
11/21/85,99.2,93.1,10.4
11/28/85,99.4,96.7,10.6
12/5/85,99.6,99.8,10.9
12/12/85,99.7,100,11.2
12/19/85,99.7,100,11.2
12/26/85,100.3,100,11.4
1/2/86,101.3,100,12.1
1/9/86,101.6,100,12.9
1/16/86,101,90,13.3
1/23/86,101.2,91.9,13.4
1/30/86,101.6,99.7,13.3
2/6/86,102,100,13.2
2/13/86,102.5,100,13.6
2/20/86,103,100,14.3
2/27/86,103.4,100,14.9
3/6/86,103.3,98.7,15.2
3/13/86,103.7,100,15.5
3/20/86,104.2,100,15.8
3/27/86,104.3,100,15.9
4/3/86,104.3,99.5,16.1
4/10/86,103.5,88,15.7
4/17/86,103.9,93.3,15.2
4/24/86,104.5,100,14.9
5/1/86,105.3,100,15.1
5/8/86,105.3,100,15.7
5/15/86,105.5,100,16.2
5/22/86,105.3,97.3,16.3
5/29/86,105.9,100,16.2
6/5/86,106.4,100,16.4
6/12/86,105.8,91.9,16.3
6/19/86,106.1,96.2,16.3
6/26/86,105.9,93.5,16
7/3/86,106.1,95.9,15.5
7/10/86,105.7,90.2,15.1
7/17/86,104.7,73.8,14
7/24/86,104.9,76.3,13.2
7/31/86,104.5,70,12.1
8/7/86,104,63,11
8/14/86,104.5,70.2,10.7
8/21/86,104.6,72.2,10.3
8/28/86,104.7,74.3,10.3
9/4/86,104.6,71.7,10.3
9/11/86,104.4,69.3,10.1
9/18/86,102.9,46.1,9.1
9/25/86,102.6,40.2,7.9
10/2/86,101.9,30.1,6.5
10/9/86,102,31.5,5.2
10/16/86,101.7,26.9,4.5
10/23/86,102.1,32.5,4.1
10/30/86,103.5,54.8,4.7
11/6/86,104.8,75,5.9
11/13/86,105.7,89.2,7.6
11/20/86,105.8,91.4,9.2
11/27/86,105.7,89.2,10.1
12/4/86,106.2,97.2,10.5
12/11/86,105.7,89.4,10.2
12/18/86,105.4,84.9,9.8
12/25/86,105.5,86.3,9.5
1/1/87,106,94,9.2
1/8/87,106.5,100,9.4
1/15/87,107.3,100,10.1
1/22/87,108.4,100,11.3
1/29/87,110.1,100,13
2/5/87,110.8,100,14.8
2/12/87,111.2,100,16.5
2/19/87,111.7,100,17.7
2/26/87,111.5,98,18.1
3/5/87,111.2,92.7,18
3/12/87,111.5,98.1,17.8
3/19/87,111.6,99.1,17.4
3/26/87,112.2,100,17.5
4/2/87,112.2,100,17.7
4/9/87,112.7,100,17.9
4/16/87,111.6,84.4,17.6
4/23/87,112.1,91.6,17.3
4/30/87,111.7,85.1,16.7
5/7/87,112.3,94.2,16.2
5/14/87,113.1,100,16.6
5/21/87,112.6,92.4,16.6
5/28/87,112.9,96.7,16.9
6/4/87,113.8,100,17.3
6/11/87,114.1,100,17.5
6/18/87,115.2,100,18.5
6/25/87,114.9,96.6,19.2
7/2/87,114.6,91.5,19.2
7/9/87,114.1,84.3,18.8
7/16/87,114.8,95.2,18.3
7/23/87,115.4,100,18.2
7/30/87,115.3,98.2,18.2
8/6/87,115.4,100,18.4
8/13/87,116.2,100,18.7
8/20/87,116.4,100,18.7
8/27/87,117.2,100,19.2
9/3/87,117,97.1,19.5
9/10/87,116.6,90.9,19.2
9/17/87,117.2,99.6,19
9/24/87,117,96.5,18.4
10/1/87,116.2,86.1,17.5
10/8/87,117.2,100,17.3
10/15/87,116.8,93.6,16.6
10/22/87,114.6,62.3,14.9
10/29/87,112.8,36.7,12.8
11/5/87,114.6,62.8,11.2
11/12/87,115.1,69.8,10
11/19/87,114.8,64.9,9.8
11/26/87,113.9,52.1,9.9
12/3/87,113.2,42,9
12/10/87,112.4,30.9,7.5
12/17/87,113,40.3,6.5
12/24/87,114,53.9,6.3
12/31/87,113.7,50.4,6.3
1/7/88,113.8,51.4,6.6
1/14/88,113.6,48.4,6.6
1/21/88,112.8,36.7,5.9
1/28/88,112.4,31.7,5.1
2/4/88,112.6,34.6,4.4
2/11/88,112.3,30.1,3.7
2/18/88,112.9,38.6,3.7
2/25/88,113.2,42.9,4
3/3/88,113.9,52.9,4.5
3/10/88,114.5,60.6,5.3
3/17/88,114.2,57.1,5.8
3/24/88,114.7,63.7,6.4
3/31/88,114.8,65.1,6.7
4/7/88,115.4,74.3,7
4/14/88,116.7,92.6,8
4/21/88,116,82.3,8.4
4/28/88,116.5,90.3,9.1
5/5/88,116.8,94.7,9.5
5/12/88,116.6,91.1,9.3
5/19/88,116.6,91.6,9.5
5/26/88,116.7,92.3,9.4
6/2/88,117.1,98.1,9.4
6/9/88,118.3,100,10
6/16/88,119.1,100,10.9
6/23/88,119,98.8,11.8
6/30/88,119.2,100,12.6
7/7/88,119.4,100,12.9
7/14/88,119.2,98.5,12.8
7/21/88,119.4,100,12.8
7/28/88,118.9,94.1,12.6
8/4/88,119.4,100,12.5
8/11/88,119.2,96.6,12.3
8/18/88,118.6,88,11.8
8/25/88,118.2,82.2,11.4
9/1/88,118,79.2,10.7
9/8/88,118.1,81.7,10.1
9/15/88,118.3,84.4,10
9/22/88,118.7,89.8,10.2
9/29/88,118.5,87,10.4
10/6/88,119,93.5,10.7
10/13/88,119.7,100,11.2
10/20/88,120,100,11.7
10/27/88,120.9,100,12.6
11/3/88,120.7,97.1,13.2
11/10/88,120.5,94.4,13.4
11/17/88,120.7,96.9,13.4
11/24/88,120,88.4,12.8
12/1/88,120.3,92.4,12.5
12/8/88,120.5,94.5,12.3
12/15/88,120.7,97.4,12.1
12/22/88,120.7,97.5,12.1
12/29/88,119.7,83.7,11.6
1/5/89,119.1,75,10.7
1/12/89,118.8,71.2,9.7
1/19/89,119,74.1,8.8
1/26/89,119.5,80.6,8.5
2/2/89,120.4,92.7,8.9
2/9/89,120.7,96.8,9.4
2/16/89,120.3,92.2,9.7
2/23/89,120.2,90.3,9.8
3/2/89,120.1,88.7,9.4
3/9/89,120.2,90.2,9
3/16/89,120.7,97.8,8.9
3/23/89,120.4,93.4,8.8
3/30/89,119.5,80.3,8.4
4/6/89,119,74.2,7.7
4/13/89,119,73.8,6.8
4/20/89,119.2,76.6,6.2
4/27/89,119.1,75.4,5.9
5/4/89,118.8,71,5.7
5/11/89,118.6,69,5.5
5/18/89,118.9,73.1,5.3
5/25/89,118.9,72.1,5.2
6/1/89,119.5,81.2,5.4
6/8/89,120.3,91.9,6
6/15/89,120.3,91.3,6.5
6/22/89,119.9,86.4,6.8
6/29/89,120.8,98.9,7.3
7/6/89,120.4,93.7,7.3
7/13/89,121,100,7.6
7/20/89,121.1,100,8.1
7/27/89,120.9,97,8
8/3/89,121.6,100,8.4
8/10/89,121.7,100,8.7
8/17/89,121.2,92.8,8.6
8/24/89,120.9,89.3,8.6
8/31/89,122.2,100,8.8
9/7/89,122.8,100,9.1
9/14/89,122.7,98.3,9.7
9/21/89,122.5,96.1,10.2
9/28/89,122.3,93,10.1
10/5/89,122.1,89.7,9.6
10/12/89,122.4,94,9.4
10/19/89,121,74.9,8.6
10/26/89,120.1,63,7.7
11/2/89,119.1,48.9,6.4
11/9/89,118.8,45.6,4.9
11/16/89,118.7,44.2,4.1
11/23/89,118.8,44.4,3.6
11/30/89,118.9,45.9,3.5
12/7/89,119,48.3,3.6
12/14/89,119.3,51.5,3.9
12/21/89,119.1,49.4,4.1
12/28/89,119.4,52.8,4.3
1/4/90,120,61.3,4.8
1/11/90,119.8,59.3,5
1/18/90,118.9,45.8,4.9
1/25/90,117.7,29.3,4.2
2/1/90,116.3,11,2.7
2/8/90,116.8,17.4,1.5
2/15/90,116.6,15.5,0.7
2/22/90,116.7,16,0.4
3/1/90,116,7,0.4
3/8/90,116.4,12,0.4
3/15/90,116.4,11.9,0.4
3/22/90,116.7,16.1,0.5
3/29/90,115.9,5.7,0.6
4/5/90,115.9,4.9,0.5
4/12/90,115.7,2.3,0.3
4/19/90,115.9,5.5,0.1
4/26/90,114.6,-12.7,-0.3
5/3/90,114.2,-18.3,-0.9
5/10/90,114.4,-15.6,-1.3
5/17/90,115.1,-5.5,-1.5
5/24/90,115.4,-0.9,-1
5/31/90,115.1,-5.5,-0.5
6/7/90,115,-7.6,-0.2
6/14/90,114.7,-11.5,-0.2
6/21/90,114.2,-18.3,-0.6
6/28/90,113.8,-24.1,-1
7/5/90,113.7,-25,-1.3
7/12/90,113.5,-28.2,-1.6
7/19/90,113.6,-26.8,-1.7
7/26/90,113,-35,-1.8
8/2/90,112.9,-36.1,-1.9
8/9/90,111.9,-48.8,-2.2
8/16/90,111.7,-52.2,-2.7
8/23/90,110.6,-67.1,-3.4
8/30/90,109.5,-81.7,-4.4
9/6/90,109.5,-81.7,-5.1
9/13/90,109.1,-87.2,-5.8
9/20/90,108.6,-94.1,-6.2
9/27/90,107.6,-108.3,-6.6
10/4/90,107.5,-110.2,-7
10/11/90,106.9,-117.5,-7.5
10/18/90,106.2,-127.9,-8.1
10/25/90,106.2,-127.5,-8.2
11/1/90,105.1,-142.1,-8.7
11/8/90,104.6,-148.6,-9.2
11/15/90,104.5,-151,-9.5
11/22/90,104.4,-152.3,-9.8
11/29/90,102.9,-172.1,-10.3
12/6/90,102.7,-174.6,-10.6
12/13/90,102.8,-173.9,-10.8
12/20/90,102.3,-180.2,-11.2
12/27/90,102.5,-178.5,-10.9
1/3/91,102.3,-180.5,-10.6
1/10/91,101.8,-187.5,-10.6
1/17/91,101.2,-195.8,-10.5
1/24/91,101.7,-189.1,-10.4
1/31/91,101.9,-186.9,-10
2/7/91,101.8,-187.7,-9.6
2/14/91,101.9,-185.8,-8.8
2/21/91,101.8,-187.1,-8.3
2/28/91,100.4,-206.2,-8.5
3/7/91,99.9,-213.3,-8.8
3/14/91,99.2,-222.5,-9.5
3/21/91,98.6,-231.4,-10.3
3/28/91,99.1,-224.6,-10.4
4/4/91,99.8,100,-10
4/11/91,99.7,98.2,-9.3
4/18/91,100,100,-8.2
4/25/91,100.4,100,-7.2
5/2/91,100.2,96.4,-6.5
5/9/91,100.3,98.6,-5.8
5/16/91,100,93.4,-5.3
5/23/91,99.9,92.8,-5.1
5/30/91,100.3,98.5,-4.6
6/6/91,100.7,100,-3.9
6/13/91,100.2,91.3,-3.3
6/20/91,100.3,92.7,-2.7
6/27/91,100.2,91.7,-2.2
7/4/91,100.5,96.6,-1.9
7/11/91,100.8,100,-1.1
7/18/91,101,100,-0.3
7/25/91,101.6,100,0.7
8/1/91,101.8,100,1.8
8/8/91,101.9,100,2.7
8/15/91,101.9,100,3.5
8/22/91,101.7,95.7,3.9
8/29/91,102.1,100,4.4
9/5/91,102.2,100,4.9
9/12/91,101.9,95.4,5.2
9/19/91,101.7,91.3,5.5
9/26/91,101.9,95,5.6
10/3/91,101.9,95.8,5.7
10/10/91,101.7,91.3,5.9
10/17/91,101.6,90.2,6
10/24/91,102.2,99.5,6.4
10/31/91,101.6,90.4,6.4
11/7/91,101.5,88.1,6.5
11/14/91,101.4,87,6.5
11/21/91,100.8,77.7,6
11/28/91,100.8,77.6,5.7
12/5/91,101.4,87,5.8
12/12/91,101.2,83.8,5.8
12/19/91,101.3,84.6,6.1
12/26/91,102.1,97.9,6.8
1/2/92,103.5,100,7.9
1/9/92,104,100,9.3
1/16/92,103.9,97.8,10.5
1/23/92,104,100,11.5
1/30/92,104,99.3,11.6
2/6/92,103.7,94,11.4
2/13/92,103.9,97.6,11.3
2/20/92,103.8,95.7,11.1
2/27/92,105.3,100,11.6
3/5/92,105.5,100,12.4
3/12/92,105.8,100,13.2
3/19/92,106.2,100,14.3
3/26/92,106.6,100,14.7
4/2/92,105.7,86.7,14.5
4/9/92,105.2,78.4,13.9
4/16/92,105.2,78.6,13.1
4/23/92,105.6,85.3,12.4
4/30/92,104.7,70.9,11.7
5/7/92,104.4,65.4,11.1
5/14/92,104,60.2,10.4
5/21/92,103.8,57.2,9.3
5/28/92,103.9,57.3,8.8
6/4/92,104,60,8.4
6/11/92,103.6,52.6,8.1
6/18/92,103.7,54.6,7.9
6/25/92,103.7,54.4,7.6
7/2/92,103.9,58.2,7.5
7/9/92,104,59.4,7.5
7/16/92,104.6,69.4,7.9
7/23/92,105.2,78.8,8.5
7/30/92,105.6,84.9,9.2
8/6/92,105.9,90.3,10
8/13/92,105.2,79.3,10.1
8/20/92,106,90.4,10.4
8/27/92,106.4,96.9,10.6
9/3/92,106.9,100,10.9
9/10/92,107.3,100,11.7
9/17/92,107.7,100,12.4
9/24/92,107.5,96.2,12.7
10/1/92,107.5,96.7,12.8
10/8/92,107.3,92.7,12.6
10/15/92,107.5,96.9,12.3
10/22/92,108.2,100,12.4
10/29/92,108.7,100,12.8
11/5/92,109.1,100,13.4
11/12/92,109.7,100,14.2
11/19/92,110,100,14.8
11/26/92,110.2,100,15.2
12/3/92,110.6,100,15.6
12/10/92,110.9,100,15.8
12/17/92,110.9,100,16
12/24/92,111.7,100,16.4
12/31/92,112,100,16.7
1/7/93,111.8,97.3,16.7
1/14/93,112,100,16.9
1/21/93,112.6,100,17
1/28/93,113.2,100,17.2
2/4/93,113.8,100,17.9
2/11/93,114.7,100,18.8
2/18/93,114.9,100,19.6
2/25/93,114.4,92.3,19.7
3/4/93,114.5,94.4,19.7
3/11/93,114.8,98.7,19.3
3/18/93,114.6,95.5,18.8
3/25/93,114.8,97.7,18.6
4/1/93,114.4,93,18.2
4/8/93,113.9,85.7,17.5
4/15/93,113.9,85.4,16.8
4/22/93,113.7,81.9,16
4/29/93,113.2,74.1,15
5/6/93,113.3,76.9,14.4
5/13/93,113.8,83.1,14.1
5/20/93,113.5,79.7,13.7
5/27/93,114.9,99.7,14.1
6/3/93,115.6,100,14.8
6/10/93,116.2,100,15.6
6/17/93,116.3,100,16.4
6/24/93,116.2,98.5,16.6
7/1/93,115.6,90.3,16.1
7/8/93,115.5,89,15.3
7/15/93,115.9,94,14.7
7/22/93,115.6,90.7,14
7/29/93,116,95.4,13.8
8/5/93,116.1,97.1,13.6
8/12/93,116,96.5,13.3
8/19/93,116.3,100,13.2
8/26/93,116.8,100,13.2
9/2/93,117,100,13.3
9/9/93,117.2,100,13.5
9/16/93,117.5,100,13.6
9/23/93,117.1,94.1,13.4
9/30/93,117.1,95,13.1
10/7/93,117.3,96.9,12.7
10/14/93,117.5,100,12.4
10/21/93,118,100,12.5
10/28/93,118.8,100,12.9
11/4/93,119.2,100,13.4
11/11/93,119.7,100,14
11/18/93,120.1,100,14.6
11/25/93,120.2,100,14.8
12/2/93,120.2,100,14.9
12/9/93,120.5,100,14.9
12/16/93,120.5,99.4,14.7
12/23/93,120.9,100,14.7
12/30/93,121.7,100,15.1
1/6/94,122.4,100,15.5
1/13/94,123.6,100,16.5
1/20/94,123.8,100,17.5
1/27/94,124.7,100,18.4
2/3/94,124.6,98.2,19
2/10/94,124.5,97.5,19
2/17/94,124.5,97.4,18.9
2/24/94,124.1,90.8,18.3
3/3/94,122.5,70.3,17
3/10/94,121.4,54.6,15.3
3/17/94,120.9,48.1,13.4
3/24/94,120.6,44.9,11.7
3/31/94,120.7,45.9,10.7
4/7/94,120.7,45.6,10.2
4/14/94,121.2,52,10.1
4/21/94,121,49.4,10
4/28/94,122.3,67.2,10.5
5/5/94,123.1,77.7,11.2
5/12/94,123,76.2,11.7
5/19/94,123.3,81.3,12.4
5/26/94,123.1,77.5,12.4
6/2/94,123,76.1,12
6/9/94,123.2,79.5,11.9
6/16/94,123.3,80.7,11.6
6/23/94,123.1,77.7,11.3
6/30/94,123,76.6,11.1
7/7/94,123.2,79,10.9
7/14/94,123.6,85.4,10.8
7/21/94,124.1,91.6,11
7/28/94,123.8,87.6,11
8/4/94,124,90.8,11.2
8/11/94,124.3,93.8,11.1
8/18/94,124.5,96.5,11
8/25/94,124.7,100,11.2
9/1/94,125.2,100,11.4
9/8/94,125.3,100,11.5
9/15/94,125.3,99.8,11.6
9/22/94,125.4,100,11.6
9/29/94,125.5,100,11.5
10/6/94,125.9,100,11.5
10/13/94,126.3,100,11.6
10/20/94,127.2,100,12.1
10/27/94,127.3,100,12.5
11/3/94,128.2,100,13.2
11/10/94,128.5,100,13.8
11/17/94,128.8,100,14.2
11/24/94,128.6,97.7,14.4
12/1/94,128.9,100,14.4
12/8/94,129.1,100,14.3
12/15/94,129.4,100,14.3
12/22/94,130,100,14.6
12/29/94,129.4,92.1,14.5
1/5/95,128.9,85.2,14.2
1/12/95,129.1,88.6,13.8
1/19/95,129.6,94.5,13.4
1/26/95,129.1,88.3,13.1
2/2/95,129.5,93.6,13.2
2/9/95,129.9,98.1,13.3
2/16/95,130.2,100,13.4
2/23/95,130.2,100,13.7
3/2/95,130.1,99,13.7
3/9/95,130,97,13.6
3/16/95,130.3,100,13.4
3/23/95,130.4,100,13.2
3/30/95,130.1,96,12.9
4/6/95,129.7,90.8,12.5
4/13/95,129.9,93.1,12
4/20/95,129.8,92,11.5
4/27/95,130.6,100,11.4
5/4/95,130.8,100,11.6
5/11/95,131.4,100,11.9
5/18/95,131.8,100,12.5
5/25/95,131.6,97.4,12.6
6/1/95,131.4,95.2,12.6
6/8/95,131.8,100,12.5
6/15/95,131.6,97.7,12.1
6/22/95,131.9,100,12
6/29/95,132.8,100,12.3
7/6/95,133.2,100,12.6
7/13/95,134,100,13.2
7/20/95,133.9,99.7,13.7
7/27/95,134.3,100,14
8/3/95,135.2,100,14.4
8/10/95,135.6,100,14.8
8/17/95,135.8,100,15.2
8/24/95,135.8,100,15.4
8/31/95,136.1,100,15.4
9/7/95,136.6,100,15.4
9/14/95,137.1,100,15.6
9/21/95,137.5,100,15.9
9/28/95,136.8,91.9,15.8
10/5/95,136.7,89.6,15.5
10/12/95,136.6,88.6,14.9
10/19/95,136.5,87.5,14.2
10/26/95,136,81.8,13.5
11/2/95,135.8,79,12.9
11/9/95,135.9,80.3,12.4
11/16/95,136.1,82.2,11.9
11/23/95,136.2,83.4,11.7
11/30/95,136.7,90.2,11.9
12/7/95,137,93.2,12.1
12/14/95,137.7,100,12.5
12/21/95,137.7,99.8,12.8
12/28/95,137.7,99.3,12.9
1/4/96,137.9,100,13
1/11/96,138.1,100,12.9
1/18/96,138,99,12.8
1/25/96,138.1,100,12.7
2/1/96,138.5,100,12.7
2/8/96,139.5,100,12.9
2/15/96,139.7,100,13.3
2/22/96,139.6,99,13.6
2/29/96,139.7,100,13.7
3/7/96,139.8,100,13.5
3/14/96,139.5,97.2,13.2
3/21/96,140,100,13.1
3/28/96,140.5,100,13.1
4/4/96,140.5,99,13.1
4/11/96,140.7,100,13.2
4/18/96,140.8,100,13.2
4/25/96,140.7,98.8,12.9
5/2/96,140.9,100,12.8
5/9/96,140.6,96.5,12.5
5/16/96,141.2,100,12.3
5/23/96,141.9,100,12.5
5/30/96,142.4,100,12.7
6/6/96,142.4,100,13.1
6/13/96,142.9,100,13.4
6/20/96,143.1,100,13.5
6/27/96,143,99.7,13.4
7/4/96,143.3,100,13.4
7/11/96,142.9,95.9,13.1
7/18/96,142.5,90.8,12.6
7/25/96,142.5,91.2,12.2
8/1/96,142.3,88.3,11.6
8/8/96,143.3,99.7,11.4
8/15/96,143.4,100,11.6
8/22/96,143.4,99.6,11.6
8/29/96,143.8,100,12
9/5/96,143.6,97.6,11.9
9/12/96,143.8,100,11.8
9/19/96,145.1,100,12.2
9/26/96,145.7,100,12.7
10/3/96,146.1,100,13.4
10/10/96,146.7,100,14.2
10/17/96,146.8,100,14.6
10/24/96,147.6,100,14.9
10/31/96,146.6,88.7,14.8
11/7/96,146.3,85.1,14.4
11/14/96,146.8,91.4,14
11/21/96,146.9,92.6,13.5
11/28/96,147.1,94.9,13.4
12/5/96,147.4,97.8,13.5
12/12/96,146.5,88.2,13.1
12/19/96,145.5,76.1,12.3
12/26/96,146.5,87.8,11.8
1/2/97,146.5,88.2,11.2
1/9/97,146.6,88.9,11
1/16/97,146.8,90.8,11.3
1/23/97,147.7,100,11.4
1/30/97,148.2,100,11.8
2/6/97,148.6,100,12.2
2/13/97,149.5,100,13
2/20/97,150.3,100,13.6
2/27/97,150.3,100,14.1
3/6/97,149.9,95.6,14.3
3/13/97,150.7,100,14.4
3/20/97,150.4,97.2,14.1
3/27/97,150.5,98.7,13.9
4/3/97,149.4,85.9,13.4
4/10/97,149,81.8,12.6
4/17/97,148.4,75,11.6
4/24/97,149.1,82.1,10.8
5/1/97,149.6,88.1,10.7
5/8/97,150.6,98.8,11
5/15/97,151,100,11.6
5/22/97,151.4,100,12.2
5/29/97,151.2,98.5,12.5
6/5/97,151,95.5,12.4
6/12/97,151.1,96.5,12.1
6/19/97,152,100,12.1
6/26/97,152.3,100,12.2
7/3/97,152,97.2,12.3
7/10/97,152.3,100,12.5
7/17/97,152.8,100,12.6
7/24/97,153.2,100,12.7
7/31/97,154.2,100,13.2
8/7/97,154.9,100,13.7
8/14/97,154.9,100,14.2
8/21/97,154.5,95.6,14.3
8/28/97,154.4,94.7,14.1
9/4/97,154.3,93.2,13.6
9/11/97,154.8,98.4,13.2
9/18/97,155,100,13.1
9/25/97,156.1,100,13.3
10/2/97,156,99.4,13.6
10/9/97,156.8,100,14.1
10/16/97,156.9,100,14.4
10/23/97,156.9,99.9,14.4
10/30/97,156.5,96.4,14.3
11/6/97,156.6,96.7,14
11/13/97,156.8,99,13.7
11/20/97,157.2,100,13.5
11/27/97,157.4,100,13.5
12/4/97,157.4,100,13.5
12/11/97,157.5,100,13.5
12/18/97,157.1,95.4,13.2
12/25/97,156.6,90.1,12.6
1/1/98,157.5,100,12.4
1/8/98,157.7,100,12.2
1/15/98,156.4,86,11.7
1/22/98,157,92.9,11.5
1/29/98,157,92.8,11.1
2/5/98,157.4,97.1,10.8
2/12/98,158.4,100,11.2
2/19/98,158.5,100,11.4
2/26/98,159.6,100,12
3/5/98,160.5,100,12.8
3/12/98,161.1,100,13.5
3/19/98,161.8,100,14.3
3/26/98,162.2,100,14.9
4/2/98,162.1,98.5,15.1
4/9/98,162.4,100,15.2
4/16/98,162.8,100,15.3
4/23/98,162.9,100,15.1
4/30/98,162,91.3,14.8
5/7/98,162.6,97.4,14.5
5/14/98,162.9,100,14.2
5/21/98,163.1,100,13.9
5/28/98,163.6,100,14.1
6/4/98,163.6,99.3,14.1
6/11/98,164.2,100,14.2
6/18/98,164.1,99.4,14.2
6/25/98,164.5,100,14.2
7/2/98,164.8,100,14.2
7/9/98,163.5,86.5,13.7
7/16/98,163.8,89.5,13.3
7/23/98,163.7,88.6,12.7
7/30/98,163,82,11.9
8/6/98,162,71.8,11.1
8/13/98,161.8,68.9,10.3
8/20/98,162.5,76.3,9.7
8/27/98,162.7,79,9.4
9/3/98,160.8,59.5,8.9
9/10/98,160.7,58,8.3
9/17/98,161.6,67.6,7.9
9/24/98,161.8,69.7,7.5
10/1/98,162.3,74.2,7.8
10/8/98,160.7,58.5,7.6
10/15/98,160.5,56.3,7.1
10/22/98,162.1,72,7.1
10/29/98,162.8,79.8,7.2
11/5/98,163.8,90,8
11/12/98,164.7,99.2,9.2
11/19/98,164.7,98.5,9.8
11/26/98,166.1,100,10.7
12/3/98,166.3,100,11.2
12/10/98,166.2,98.7,11.5
12/17/98,165.8,94.3,11.6
12/24/98,166.8,100,11.6
12/31/98,168.9,100,12.2
1/7/99,169.1,100,12.9
1/14/99,169.3,100,13.7
1/21/99,169.1,97.9,14.1
1/28/99,168.6,93,13.7
2/4/99,169.4,100,13.5
2/11/99,168.9,95.4,13.1
2/18/99,169,96.4,12.8
2/25/99,168.2,88.1,12.4
3/4/99,167.2,78.2,11.5
3/11/99,167.8,84.8,10.9
3/18/99,168.2,87.9,10.5
3/25/99,167.9,84.9,10.2
4/1/99,167.3,79.7,10.1
4/8/99,167.8,84.4,9.9
4/15/99,167.8,83.9,9.7
4/22/99,167.1,77.7,9.3
4/29/99,168.3,89.2,9.5
5/6/99,168.6,92.4,9.6
5/13/99,168.8,94.5,9.8
5/20/99,169.1,96.9,10.3
5/27/99,169.1,96.8,10.4
6/3/99,169.1,97,10.4
6/10/99,170.1,100,10.6
6/17/99,170.2,100,10.8
6/24/99,170.8,100,11.3
7/1/99,170.9,100,11.7
7/8/99,171.9,100,12
7/15/99,172,100,12.4
7/22/99,172.3,100,12.7
7/29/99,171.7,94.4,12.7
8/5/99,171.3,90.7,12.4
8/12/99,171.4,91.5,12
8/19/99,171.9,97,11.6
8/26/99,172.4,100,11.6
9/2/99,172,96,11.6
9/9/99,172.2,98.4,11.6
9/16/99,172.3,98.7,11.5
9/23/99,171.9,95.3,11.1
9/30/99,170.9,85.3,10.5
10/7/99,171.2,88.6,10
10/14/99,171.9,94.8,9.6
10/21/99,171.3,89.6,9.2
10/28/99,171.5,91.1,9.2
11/4/99,172.6,100,9.3
11/11/99,173.2,100,9.5
11/18/99,173.7,100,10
11/25/99,175.2,100,10.9
12/2/99,174.9,97.1,11.4
12/9/99,175.3,100,11.8
12/16/99,175.4,100,12.1
12/23/99,175.9,100,12.1
12/30/99,176.2,100,12.3
1/6/00,175.9,97.1,12.2
1/13/00,175.9,97.4,12.2
1/20/00,176.3,100,12.1
1/27/00,175.9,96.1,11.9
2/3/00,176,97.1,11.8
2/10/00,176,96.5,11.6
2/17/00,175.3,89.7,11.1
2/24/00,174.5,82.8,10.6
3/2/00,174.3,80.9,9.9
3/9/00,174.5,82.3,9.3
3/16/00,175,87.5,9.1
3/23/00,176.8,100,9.6
3/30/00,177.9,100,10.5
4/6/00,177.4,95.5,11.1
4/13/00,177.8,99.9,11.7
4/20/00,176.5,87.4,11.4
4/27/00,178.4,100,11.4
5/4/00,178.4,100,11.4
5/11/00,178,95.6,11.2
5/18/00,178.8,100,11.7
5/25/00,178.5,97.2,11.5
6/1/00,177.3,85.3,11
6/8/00,177.9,91,10.7
6/15/00,177.2,84.7,10.1
6/22/00,177,83.2,9.5
6/29/00,176.4,77.4,9
7/6/00,176.4,77.6,8.5
7/13/00,176.7,79.9,8.2
7/20/00,176.5,78.5,8
7/27/00,175.1,64.6,7.5
8/3/00,174.2,56.6,6.7
8/10/00,174.5,59.7,6.1
8/17/00,174.4,58.8,5.4
8/24/00,174.5,59.3,5.2
8/31/00,175.1,64.7,5.4
9/7/00,175.6,69.6,5.6
9/14/00,175,64,5.7
9/21/00,174.6,60.2,5.7
9/28/00,174.1,55.3,5.3
10/5/00,174.1,55.5,4.8
10/12/00,173.7,51.6,4.4
10/19/00,172.3,38.8,3.7
10/26/00,173.4,48.6,3.5
11/2/00,174.2,56.8,3.5
11/9/00,174.6,60.6,3.7
11/16/00,173.9,53.7,4.1
11/23/00,172.8,43.6,3.9
11/30/00,171.5,31.4,3.2
12/7/00,170.8,25,2.2
12/14/00,171.7,33,1.6
12/21/00,170.5,22.2,1.1
12/28/00,169.3,10.9,0.6
1/4/01,168.9,6.4,0.1
1/11/01,168,-2.1,-0.8
1/18/01,168,-1.5,-1.3
1/25/01,169.2,9.6,-1.2
2/1/01,169.4,11.5,-0.9
2/8/01,169.1,8.2,-0.5
2/15/01,168,-2.1,-0.3
2/22/01,167.5,-6.4,-0.6
3/1/01,165.5,-24.8,-1.6
3/8/01,164.8,-31.9,-2.6
3/15/01,163.3,-45.8,-3.6
3/22/01,161.7,-61,-5
3/29/01,161,-67.5,-6
4/5/01,160.5,-72.2,-6.9
4/12/01,160.5,-72.2,-7.3
4/19/01,161.5,-62.3,-7.1
4/26/01,160.9,-68.5,-6.8
5/3/01,160.7,-70.5,-6.4
5/10/01,160.4,-73.6,-6.1
5/17/01,160.1,-76.3,-6.2
5/24/01,160.2,-74.7,-6
5/31/01,159.2,-84.4,-6.1
6/7/01,158,-95.5,-6.4
6/14/01,157.3,-101.9,-6.7
6/21/01,156.1,-113.9,-7.5
6/28/01,155.9,-115.8,-8
7/5/01,155.7,-117.1,-8.2
7/12/01,154.8,-125.4,-8.5
7/19/01,154.4,-129.9,-8.6
7/26/01,154.2,-131.4,-8.6
8/2/01,154.8,-125.8,-8.5
8/9/01,154.4,-129.4,-8.2
8/16/01,153.8,-135.6,-7.9
8/23/01,153,-143,-7.9
8/30/01,152.9,-143.7,-8
9/6/01,151.9,-153,-8.3
9/13/01,150.6,-165.5,-8.7
9/20/01,149.5,-175.4,-9.2
9/27/01,147.9,-190.2,-10.1
10/4/01,148.4,-186.1,-10.6
10/11/01,148.2,-187.9,-10.8
10/18/01,148.1,-188.6,-10.7
10/25/01,147.2,-197,-10.4
11/1/01,146.6,-203.1,-10.4
11/8/01,146.3,-205.3,-10.4
11/15/01,146.5,-203.8,-10.3
11/22/01,146.6,-202.7,-9.9
11/29/01,146.1,-207.2,-9.5
12/6/01,146.8,100,-8.9
12/13/01,147,100,-8.2
12/20/01,146.8,97.7,-7.6
12/27/01,147.5,100,-6.7
1/3/02,148.2,100,-5.8
1/10/02,149.2,100,-4.7
1/17/02,148.7,94.6,-3.6
1/24/02,148.8,95.6,-2.8
1/31/02,149.1,98.3,-2.1
2/7/02,148.9,96.9,-1.7
2/14/02,149.1,98.6,-1.2
2/21/02,149.1,98.5,-0.6
2/28/02,148.2,88.8,-0.5
3/7/02,148.8,94.8,-0.1
3/14/02,148.9,96.5,0.3
3/21/02,148.8,95,0.6
3/28/02,148.7,94.7,1.1
4/4/02,148.9,96.2,1.4
4/11/02,148.1,87.4,1.5
4/18/02,147.6,82.3,1.4
4/25/02,147.6,81.4,1.3
5/2/02,146.8,73.1,1
5/9/02,146.4,68,0.8
5/16/02,146.4,68.2,0.7
5/23/02,146.6,70.4,0.7
5/30/02,147,74.8,1.1
6/6/02,146.6,71.1,1.5
6/13/02,146.4,67.9,1.8
6/20/02,146.4,68.4,2
6/27/02,146.6,71.1,2.2
7/4/02,146.6,70.6,2.4
7/11/02,146.8,72.9,2.8
7/18/02,146.2,65.7,3
7/25/02,144.6,48.2,2.5
8/1/02,145.8,61.4,2.5
8/8/02,145.4,57.4,2.2
8/15/02,146.4,68.7,2.5
8/22/02,147.5,80.4,3.7
8/29/02,147.6,81.4,4.5
9/5/02,146.7,72,5.1
9/12/02,146.4,68.3,5.2
9/19/02,146,63.7,4.8
9/26/02,145.2,54.4,4.2
10/3/02,145.2,54.3,3.7
10/10/02,144.3,44.4,3.1
10/17/02,145.4,56.6,3
10/24/02,147.1,75.7,3.7
10/31/02,147.6,82.4,4.6
11/7/02,148.2,89,5.9
11/14/02,147.9,85.5,6.8
11/21/02,148.5,92.1,7.3
11/28/02,149.7,100,7.9
12/5/02,149.9,100,8.4
12/12/02,149.7,97.4,9
12/19/02,149.1,90.4,9.1
12/26/02,149,90,8.7
1/2/03,149.1,91,8.4
1/9/03,150,100,8.5
1/16/03,150.6,100,9
1/23/03,150.2,96,9.3
1/30/03,149.9,92.2,9.5
2/6/03,149.2,84.4,9.2
2/13/03,149,83,8.7
2/20/03,149,82.4,8.2
2/27/03,148.8,80.1,7.9
3/6/03,148.2,73.3,7.5
3/13/03,147.3,63.6,7
3/20/03,147.9,70.8,6.6
3/27/03,148.6,78.2,6.6
4/3/03,147.3,64.1,6.3
4/10/03,147.2,62.7,6.3
4/17/03,146.9,58.9,6
4/24/03,147.2,62.7,5.5
5/1/03,147.3,64.1,5.6
5/8/03,147.7,68,5.7
5/15/03,147.7,67.8,6
5/22/03,147.6,66.8,6.1
5/29/03,148.1,72.8,6.3
6/5/03,149.2,84.8,6.8
6/12/03,149.5,88.4,7.4
6/19/03,150.3,97.2,8.2
6/26/03,150.7,100,9
7/3/03,151,100,9.6
7/10/03,151.4,100,10.1
7/17/03,152.1,100,10.6
7/24/03,152.3,100,11
7/31/03,153.6,100,11.8
8/7/03,153.8,100,12.4
8/14/03,154.4,100,13
8/21/03,155.1,100,13.7
8/28/03,155.2,100,14
9/4/03,155.7,100,14.5
9/11/03,156,100,14.8
9/18/03,156,100,14.9
9/25/03,156.7,100,15.1
10/2/03,156.3,96.2,15.1
10/9/03,157.3,100,15.2
10/16/03,157.8,100,15.5
10/23/03,158.4,100,15.8
10/30/03,158.3,99.1,16.1
11/6/03,158.8,100,16.3
11/13/03,159,100,16.4
11/20/03,158.9,98.8,16.3
11/27/03,160.1,100,16.6
12/4/03,161.2,100,17.1
12/11/03,161.6,100,17.7
12/18/03,162.2,100,18.5
12/25/03,163.2,100,19.3
1/1/04,163.4,100,19.7
1/8/04,163.7,100,20.1
1/15/04,164.3,100,20.4
1/22/04,165,100,20.6
1/29/04,166,100,21.1
2/5/04,166.3,100,21.6
2/12/04,167.1,100,22.1
2/19/04,167.2,100,22.3
2/26/04,167.6,100,22.4
3/4/04,168.4,100,22.6
3/11/04,168.8,100,22.7
3/18/04,168.4,95.2,22.5
3/25/04,168.4,95.5,22.2
4/1/04,168.5,96.3,21.6
4/8/04,169.4,100,21.3
4/15/04,169.7,100,21.1
4/22/04,169.4,97.9,20.9
4/29/04,170.7,100,21
5/6/04,171.5,100,21.1
5/13/04,171.6,100,21.1
5/20/04,171.9,100,21.3
5/27/04,171.9,100,21
6/3/04,172.1,100,20.5
6/10/04,172.9,100,20.3
6/17/04,173.3,100,20.1
6/24/04,173,97.8,19.9
7/1/04,173.5,100,19.7
7/8/04,173.8,100,19.4
7/15/04,173.7,99.4,19
7/22/04,174.2,100,18.8
7/29/04,173.3,91.4,18.1
8/5/04,173.4,91.8,17.5
8/12/04,172.9,87.5,16.7
8/19/04,172.9,87.3,15.8
8/26/04,173.2,89.7,15.3
9/2/04,173.3,90.9,14.8
9/9/04,173.6,93.5,14.5
9/16/04,173.8,95.6,14.4
9/23/04,173.8,95.8,14.1
9/30/04,174.5,100,14.1
10/7/04,175.8,100,14.3
10/14/04,176.5,100,14.7
10/21/04,176.7,100,15.2
10/28/04,177.6,100,15.6
11/4/04,178.8,100,16.1
11/11/04,180.1,100,16.7
11/18/04,180.9,100,17.5
11/25/04,182.4,100,18.5
12/2/04,183.3,100,19.3
12/9/04,183.4,100,19.8
12/16/04,184,100,20.2
12/23/04,184.6,100,20.3
12/30/04,184.4,97.4,20.1
1/6/05,183.2,86.5,19.5
1/13/05,183.1,86.3,18.7
1/20/05,182.8,83.5,17.6
1/27/05,182.5,81,16.6
2/3/05,183.5,90,16.3
2/10/05,184.2,96.2,16.2
2/17/05,184.8,100,16.4
2/24/05,185.1,100,16.7
3/3/05,185.5,100,16.9
3/10/05,185.6,100,16.9
3/17/05,185.6,100,16.7
3/24/05,185.2,95.9,16.4
3/31/05,186.4,100,16.2
4/7/05,186.9,100,16.2
4/14/05,187.5,100,16.3
4/21/05,187.2,97.2,16.5
4/28/05,188.2,100,16.6
5/5/05,188.6,100,16.7
5/12/05,189.2,100,16.8
5/19/05,189.2,100,16.9
5/26/05,189.6,100,16.9
6/2/05,189.4,98.4,16.7
6/9/05,189.4,98.5,16.4
6/16/05,189,95.3,15.9
6/23/05,189.3,98.1,15.5
6/30/05,189.3,97.9,15.1
7/7/05,189.7,100,14.8
7/14/05,190.2,100,14.8
7/21/05,190.9,100,14.9
7/28/05,191,100,15
8/4/05,191.4,100,15
8/11/05,191.6,100,15
8/18/05,191.7,100,14.9
8/25/05,192.6,100,14.9
9/1/05,192.8,100,14.9
9/8/05,193.8,100,15.1
9/15/05,194.3,100,15.4
9/22/05,193.6,94.1,15.2
9/29/05,191.6,76.6,14.4
10/6/05,190,63.1,13
10/13/05,188.6,50.8,11
10/20/05,188.2,47.1,9.2
10/27/05,188.4,48.8,8.1
11/3/05,189.1,54.9,7.6
11/10/05,190,62.9,7.7
11/17/05,190.6,67.8,8.2
11/24/05,191.1,72.6,8.7
12/1/05,192.5,84.5,9.4
12/8/05,194.2,99.6,10.3
12/15/05,195.3,100,11.4
12/22/05,195.6,100,12.4
12/29/05,194.7,92.6,12.7
1/5/06,194,86.4,12.5
1/12/06,194.4,89.8,12
1/19/06,195.1,95.7,11.6
1/26/06,195.2,96.6,11.5
2/2/06,196.3,100,11.9
2/9/06,196.1,98.3,12.1
2/16/06,196.7,100,12.2
2/23/06,197.3,100,12.5
3/2/06,197.4,100,12.5
3/9/06,197,96.9,12.5
3/16/06,197.6,100,12.5
3/23/06,197.9,100,12.4
3/30/06,197.1,93,12.1
4/6/06,196.8,90.1,11.8
4/13/06,196.8,90.3,11.4
4/20/06,196.8,90.2,10.9
4/27/06,197.9,100,10.9
5/4/06,198.4,100,11.1
5/11/06,199.6,100,11.6
5/18/06,199.2,97,12
5/25/06,198.5,91,12
6/1/06,198.8,93.4,11.9
6/8/06,199,95.4,11.5
6/15/06,198.1,87.9,11.1
6/22/06,198.1,87.8,10.8
6/29/06,197.9,85.7,10.3
7/6/06,198.2,88.3,9.9
7/13/06,198.1,87.5,9.8
7/20/06,196.6,74.7,9.2
7/27/06,196.5,74.6,8.7
8/3/06,197.2,80.5,8.3
8/10/06,197.1,79.6,8
8/17/06,196.9,78,8
8/24/06,197.3,81.3,8
8/31/06,196.2,71.8,7.7
9/7/06,195.7,67.2,7.2
9/14/06,195.1,62.6,6.7
9/21/06,195.3,64,6.1
9/28/06,196.2,72.1,6.1
10/5/06,196.9,77.8,6.3
10/12/06,197.5,82.8,6.9
10/19/06,197.9,85.7,7.4
10/26/06,197.6,83.4,7.6
11/2/06,197.7,84,7.6
11/9/06,197.4,81.6,7.4
11/16/06,197.7,84.7,7.2
11/23/06,197.6,83.7,7.1
11/30/06,196,70,6.5
12/7/06,195.2,63.5,5.9
12/14/06,195.2,63.7,5.1
12/21/06,195,61.8,4.5
12/28/06,195.1,62.8,4.2
1/4/07,195.9,68.9,4.4
1/11/07,196.1,71.2,4.6
1/18/07,196,70.4,4.8
1/25/07,195.7,67.2,4.9
2/1/07,194.9,61.1,4.7
2/8/07,195.4,64.8,4.5
2/15/07,194.8,60,4.2
2/22/07,195.2,63.2,4.1
3/1/07,193.1,45.7,3.7
3/8/07,191.7,33.9,2.8
3/15/07,191.1,28.7,2
3/22/07,191.5,32.1,1.1
3/29/07,191.3,30.3,0.8
4/5/07,191,28,0.7
4/12/07,191.1,28.7,0.8
4/19/07,191.3,30.6,0.9
4/26/07,191.3,30.8,1
5/3/07,192,36.1,1.4
5/10/07,192.3,38.8,1.8
5/17/07,192.7,42.4,2.2
5/24/07,192.9,44.3,2.8
5/31/07,194,52.9,3.4
6/7/07,194.2,54.9,4
6/14/07,194.1,53.7,4.4
6/21/07,194.3,56,4.8
6/28/07,193.7,50.3,4.8
7/5/07,193,44.7,4.6
7/12/07,192.9,43.8,4.4
7/19/07,192.6,41.8,4.1
7/26/07,191.4,31.2,3.6
8/2/07,189.9,18.9,2.9
8/9/07,189.5,14.9,2.2
8/16/07,188.7,8.3,1.3
8/23/07,188.4,5.8,0.7
8/30/07,188.2,4.6,0.4
9/6/07,188.1,3.4,0.2
9/13/07,187.7,0.3,0.2
9/20/07,188.4,6,0.3
9/27/07,187.8,1.1,0.3
10/4/07,187.5,-1.2,0.4
10/11/07,187.6,-0.7,0.5
10/18/07,187.3,-3.4,0.4
10/25/07,186.4,-11.1,0.2
11/1/07,185.5,-18.1,-0.1
11/8/07,184.5,-26.5,-0.7
11/15/07,183.3,-37.3,-1.5
11/22/07,182.5,-43.3,-2.2
11/29/07,182.7,-42.2,-2.6
12/6/07,183.4,-36,-2.7
12/13/07,183.9,-31.7,-2.2
12/20/07,183.1,-38.8,-1.9
12/27/07,181.4,-53,-2
1/3/08,179.8,-66.7,-2.7
1/10/08,178,-81.6,-3.9
1/17/08,176.6,-93,-5.2
1/24/08,175.3,-104.4,-6.4
1/31/08,174.9,-107.5,-7.2
2/7/08,174.2,-113.2,-7.8
2/14/08,173.6,-118.1,-8.2
2/21/08,173.3,-120.7,-8.3
2/28/08,173.5,-119.8,-8.3
3/6/08,172.5,-127.4,-8.3
3/13/08,171.6,-135,-8.4
3/20/08,171.4,-137.4,-8.6
3/27/08,171.2,-138.8,-8.8
4/3/08,170.5,-145,-9
4/10/08,170.3,-146.4,-8.9
4/17/08,169.6,-152.4,-9
4/24/08,170.2,-146.8,-8.9
5/1/08,169.2,-155.4,-8.8
5/8/08,168.6,-160.5,-8.9
5/15/08,167.8,-167.2,-8.9
5/22/08,167.7,-168.3,-9.1
5/29/08,166.7,-176.6,-9.3
6/5/08,166.5,-178.1,-9.4
6/12/08,165.6,-185.8,-9.5
6/19/08,165.4,-188,-9.6
6/26/08,163.9,-200.5,-9.8
7/3/08,162.4,-212.5,-10.3
7/10/08,161.3,-222.2,-10.9
7/17/08,160.4,-229.5,-11.6
7/24/08,160.8,-225.9,-11.8
7/31/08,159.3,-239,-12.1
8/7/08,158.6,-245.2,-12.2
8/14/08,157.9,-250.5,-12.3
8/21/08,157.4,-255.3,-12.6
8/28/08,156.2,-264.6,-12.9
9/4/08,155.8,-268.4,-13
9/11/08,154.2,-282,-13.4
9/18/08,153.4,-288.6,-13.9
9/25/08,151.8,-301.8,-14.4
10/2/08,150,-317.1,-15.3
10/9/08,148,-333.8,-16.2
10/16/08,145.6,-353.9,-17.5
10/23/08,144.9,-360,-18.6
10/30/08,143.1,-374.9,-19.7
11/6/08,143.9,-368.5,-20
11/13/08,141.4,-389.5,-20.4
11/20/08,139.4,-406.4,-21.1
11/27/08,137.1,-425.6,-21.9
12/4/08,136.8,-428.7,-23
12/11/08,135.1,-443,-23.9
12/18/08,134.2,-450.2,-24.5
12/25/08,133.3,-457.7,-24.7
1/1/09,132.4,-465.5,-25
1/8/09,132.1,-468.2,-25
1/15/09,130.5,-481.5,-25.2
1/22/09,128.9,-494.7,-25.5
1/29/09,127.8,-504.3,-26
2/5/09,126.6,-514.4,-26.6
2/12/09,126.1,-518.9,-27
2/19/09,124.4,-533.1,-27.4
2/26/09,121.8,-554.9,-28.2
3/5/09,119.4,-575,-29.3
3/12/09,117.4,-591.3,-30.7
3/19/09,118.2,-585,-31.5
3/26/09,118.4,-583.3,-31.5
4/2/09,118.4,-582.9,-30.9
4/9/09,118.3,-583.8,-29.8
4/16/09,118.4,-583.6,-28.9
4/23/09,118,-587,-28.2
4/30/09,116.8,-596.9,-27.7
5/7/09,116.7,-597.5,-27.3
5/14/09,116,-603.1,-27
5/21/09,115.2,-610.2,-26.9
5/28/09,114.4,-616.9,-26.6
6/4/09,114.8,-613.8,-26.2
6/11/09,114.6,-615.4,-25.7
6/18/09,114.4,-617,-25
6/25/09,114.5,-616.3,-24
7/2/09,115.1,100,-22.9
7/9/09,114.4,88.8,-22
7/16/09,115.4,100,-20.7
7/23/09,116.8,100,-18.9
7/30/09,118,100,-17
8/6/09,118.5,100,-14.7
8/13/09,118.8,100,-12.5
8/20/09,118.8,100,-10.9
8/27/09,119.6,100,-9.3
9/3/09,119.6,99.6,-8
9/10/09,119.9,100,-6.6
9/17/09,120.3,100,-5.2
9/24/09,120.8,100,-3.8
10/1/09,120.7,99.4,-2.5
10/8/09,120.6,97.7,-1.3
10/15/09,121.2,100,-0.1
10/22/09,121.8,100,1
10/29/09,121,89.1,1.9
11/5/09,120.4,80.7,2.5
11/12/09,120.9,87.6,3
11/19/09,121.4,94.6,3.6
11/26/09,121.6,97.9,4.5
12/3/09,121.7,98.8,5.6
12/10/09,122,100,6.6
12/17/09,122.5,100,7.6
12/24/09,123,100,8.6
12/31/09,123.2,100,9.6
1/7/10,123.4,100,10.5
1/14/10,124,100,11.5
1/21/10,124.2,100,12.2
1/28/10,123.2,87.1,12.5
2/4/10,122.7,80.6,12.4
2/11/10,122.3,74.3,11.9
2/18/10,122.4,76.5,11.3
2/25/10,122.6,79.4,11.1
3/4/10,122.9,82.3,11.3
3/11/10,123.3,88.7,11.7
3/18/10,123.7,93.3,12.2
3/25/10,124,97.1,12.6
4/1/10,123.9,95.8,12.9
4/8/10,124.3,100,13.1
4/15/10,124.3,100,13.2
4/22/10,124.4,100,13.2
4/29/10,125.4,100,13.6
5/6/10,125.8,100,14
5/13/10,125.5,96.6,14.3
5/20/10,125.5,96.1,14.5
5/27/10,125.1,90.9,14
6/3/10,125.5,96.2,13.6
6/10/10,125.9,100,13.4
6/17/10,126.6,100,13.5
6/24/10,126.9,100,13.8
7/1/10,125.2,76.5,13.3
7/8/10,123.4,52.7,11.9
7/15/10,123,47.9,10.1
7/22/10,122.7,43.4,8
7/29/10,123.3,51.3,7
8/5/10,123.6,55.6,6.9
8/12/10,123.9,60.3,7
8/19/10,123.5,55.1,7.2
8/26/10,122.7,44.4,6.9
9/2/10,122.4,39.4,6.2
9/9/10,122.7,43.7,5.6
9/16/10,122.9,46.6,5.3
9/23/10,123.2,50.4,5.4
9/30/10,123.4,53.1,5.7
10/7/10,123.6,56,6
10/14/10,124.1,62.3,6.4
10/21/10,124.4,65.8,6.8
10/28/10,125.4,80.3,7.5
11/4/10,126.1,89.4,8.4
11/11/10,127.1,100,9.5
11/18/10,127.2,100,10.5
11/25/10,126.9,97,10.9
12/2/10,126.6,92.4,10.9
12/9/10,127.3,100,10.8
12/16/10,127.6,100,10.8
12/23/10,128.1,100,11.1
12/30/10,127.9,98.4,11.5
1/6/11,128,99.6,11.6
1/13/11,128.9,100,12
1/20/11,129.4,100,12.4
1/27/11,130.1,100,13.1
2/3/11,130.8,100,14
2/10/11,131.6,100,14.9
2/17/11,132,100,15.7
2/24/11,132.4,100,16.4
3/3/11,132,93.9,16.6
3/10/11,131.9,93.6,16.4
3/17/11,131.6,89.6,16
3/24/11,131.7,90.4,15.4
3/31/11,131.2,83.9,14.8
4/7/11,130.8,79.2,14.1
4/14/11,130.4,74.8,13.4
4/21/11,130.2,71.9,12.6
4/28/11,131.4,86.6,12.4
5/5/11,131.8,91.7,12.6
5/12/11,131.7,90.7,12.9
5/19/11,131.9,92.7,13.4
5/26/11,131.8,92.4,13.4
6/2/11,131.9,93,13.2
6/9/11,131.7,90.8,13
6/16/11,131.5,88.5,12.7
6/23/11,131.6,89.8,12.4
6/30/11,131.5,88,12.1
7/7/11,132.2,97.1,12.1
7/14/11,132.2,97.1,12.2
7/21/11,132.1,95.3,12.2
7/28/11,132.1,96.2,12.1
8/4/11,131.2,84.9,11.5
8/11/11,129.6,63.9,10.2
8/18/11,129.8,67,9.1
8/25/11,128.9,55.3,7.6
9/1/11,129.5,63.4,6.8
9/8/11,129.4,61.3,6.5
9/15/11,129,56.8,6
9/22/11,129.4,61.2,6
9/29/11,128.7,52.1,5.5
10/6/11,128.4,49.4,5
10/13/11,129.5,63,5
10/20/11,130.1,70,5.1
10/27/11,130.7,77.9,5.7
11/3/11,131.2,84.1,6.6
11/10/11,131.5,87.7,7.2
11/17/11,131.8,92.1,7.7
11/24/11,130.8,79.8,7.6
12/1/11,130.5,75.8,7.2
12/8/11,132,94.8,7.3
12/15/11,132.1,96.2,7.3
12/22/11,132.4,99.4,7.7
12/29/11,133.1,100,8.6
1/5/12,133.4,100,9
1/12/12,133.9,100,9.5
1/19/12,134.9,100,10.3
1/26/12,135.2,100,11
2/2/12,135.7,100,11.7
2/9/12,136.3,100,12.4
2/16/12,136.8,100,13
2/23/12,137.3,100,13.7
3/1/12,137.3,99.6,14.1
3/8/12,137.1,96.9,14.3
3/15/12,137.5,100,14.4
3/22/12,138,100,14.5
3/29/12,138.8,100,14.9
4/5/12,139.3,100,15.6
4/12/12,139.5,100,16.2
4/19/12,139.6,100,16.6
4/26/12,139.1,94.2,16.4
5/3/12,139.5,97.9,16.2
5/10/12,139.1,93.8,15.8
5/17/12,138.5,86.9,15.1
5/24/12,137.9,79.6,14.4
5/31/12,138.1,81.6,13.7
6/7/12,137.5,74.2,12.9
6/14/12,137.9,78.9,12.4
6/21/12,138.3,84,12.4
6/28/12,138.5,86.6,12.3
7/5/12,139.3,96.2,12.8
7/12/12,139.5,98.6,13.2
7/19/12,139.7,100,13.6
7/26/12,139.6,98.8,13.8
8/2/12,140,100,13.8
8/9/12,140.2,100,13.8
8/16/12,140.5,100,13.9
8/23/12,140.7,100,14
8/30/12,140.7,99.2,13.9
9/6/12,140.5,97.7,13.7
9/13/12,141,100,13.6
9/20/12,141.5,100,13.5
9/27/12,141.7,100,13.6
10/4/12,141.9,100,13.7
10/11/12,142.2,100,13.8
10/18/12,142.3,100,13.7
10/25/12,142.1,98.4,13.4
11/1/12,142.2,100,13.2
11/8/12,142.9,100,13.1
11/15/12,141.9,87.9,12.7
11/22/12,141.7,85.7,12.2
11/29/12,141.8,87.2,11.7
12/6/12,142.2,91.5,11.1
12/13/12,142.7,98.2,11.2
12/20/12,142.9,100,11.3
12/27/12,144,100,11.8
1/3/13,144.4,100,12.3
1/10/13,145.7,100,13.1
1/17/13,146.3,100,14
1/24/13,146.9,100,14.7
1/31/13,147.3,100,15.4
2/7/13,147.4,100,15.7
2/14/13,148.1,100,16
2/21/13,148.3,100,16.2
2/28/13,149.5,100,16.7
3/7/13,150.5,100,17.5
3/14/13,151.6,100,18.4
3/21/13,152.1,100,19.4
3/28/13,152.4,100,20.1
4/4/13,152.6,100,20.4
4/11/13,152.6,99.7,20.3
4/18/13,152.6,100,20.1
4/25/13,152.9,100,19.9
5/2/13,153.4,100,19.8
5/9/13,154,100,20
5/16/13,154.4,100,20.2
5/23/13,155.1,100,20.6
5/30/13,155.4,100,20.8
6/6/13,155.3,99.9,20.8
6/13/13,155.6,100,20.7
6/20/13,155.8,100,20.5
6/27/13,155.3,93.6,19.9
7/4/13,155.8,99.1,19.5
7/11/13,156.1,100,19.2
7/18/13,156.1,99.3,18.8
7/25/13,156.6,100,18.8
8/1/13,157.9,100,19.1
8/8/13,158.5,100,19.4
8/15/13,159.1,100,20
8/22/13,157.5,82.8,19.8
8/29/13,156.7,75.2,18.9
9/5/13,156.4,71.7,17.6
9/12/13,157.4,81.8,16.6
9/19/13,158.2,90.1,16.3
9/26/13,158.6,94.8,16.5
10/3/13,158.1,89.3,16.6
10/10/13,157.8,86.1,16.3
10/17/13,158.3,91.9,15.9
10/24/13,159,98.9,15.6
10/31/13,160.2,100,15.9
11/7/13,160.9,100,16.5
11/14/13,161.8,100,17.2
11/21/13,162.2,100,17.8
11/28/13,164.1,100,18.6
12/5/13,165.3,100,19.5
12/12/13,166,100,20.4
12/19/13,165.8,97.5,20.9
12/26/13,166.1,100,21
1/2/14,166.9,100,20.9
1/9/14,167.2,100,20.7
1/16/14,166.9,96.5,20.4
1/23/14,166.7,95.2,20
1/30/14,166.2,89.8,19.2
2/6/14,165.8,85.6,18.2
2/13/14,166.3,90.9,17.5
2/20/14,166.8,95.8,17
2/27/14,167.3,100,16.9
3/6/14,168,100,17.1
3/13/14,168.8,100,17.5
3/20/14,168.8,99.3,17.6
3/27/14,169.3,100,17.8
4/3/14,168.9,96.2,17.6
4/10/14,169.1,98.6,17.3
4/17/14,168.9,96.5,16.9
4/24/14,169.4,100,16.5
5/1/14,168.9,94.8,16.1
5/8/14,169.1,96.5,15.7
5/15/14,169.4,99.9,15.4
5/22/14,169.3,98.9,15
5/29/14,169.9,100,14.9
6/5/14,170.4,100,15
6/12/14,171,100,15.1
6/19/14,171.4,100,15.4
6/26/14,173.3,100,16.1
7/3/14,174.5,100,17
7/10/14,175.4,100,17.9
7/17/14,176.2,100,19
7/24/14,176.7,100,19.6
7/31/14,176.4,97.2,19.7
8/7/14,175.8,90.8,19.3
8/14/14,175.8,91,18.7
8/21/14,176.4,97.3,18.1
8/28/14,177,100,17.8
9/4/14,177.4,100,17.9
9/11/14,177.7,100,18
9/18/14,178.1,100,18
9/25/14,179.8,100,18.3
10/2/14,180.5,100,18.7
10/9/14,181.2,100,19.3
10/16/14,180.7,95.5,19.6
10/23/14,181.4,100,19.5
10/30/14,182.7,100,19.6
11/6/14,184,100,19.9
11/13/14,184.5,100,20.5
11/20/14,185.3,100,21.1
11/27/14,186.3,100,21.6
12/4/14,186.4,100,21.8
12/11/14,185.7,93.3,21.6
12/18/14,185.6,92.2,21.1
12/25/14,186.7,100,20.8
1/1/15,186.8,100,20.4
1/8/15,185.4,88,19.8
1/15/15,185.3,87.2,19.3
1/22/15,184.9,83.1,18.2
1/29/15,186.7,99.2,17.8
2/5/15,187.4,100,17.9
2/12/15,188.6,100,18.4
2/19/15,189.3,100,19.2
2/26/15,190.2,100,19.7
3/5/15,190.4,100,20
3/12/15,190,96.4,19.9
3/19/15,190.2,97.6,19.6
3/26/15,190.4,99.5,19.1
4/2/15,191.1,100,18.8
4/9/15,192.1,100,18.9
4/16/15,192.9,100,19.2
4/23/15,193.3,100,19.5
4/30/15,192.3,91.4,19.3
5/7/15,191.6,84.8,18.6
5/14/15,191.4,83.1,17.6
5/21/15,191.5,84.5,16.6
5/28/15,192,88.4,16
6/4/15,192.3,91.3,15.7
6/11/15,191.8,87.3,15.3
6/18/15,192.3,91.4,15.1
6/25/15,192.8,95.2,14.8
7/2/15,192.5,92.6,14.4
7/9/15,192,88.3,14
7/16/15,192.9,96.3,13.7
7/23/15,193.8,100,13.6
7/30/15,193.1,93.7,13.4
8/6/15,193.1,94.2,13.3
8/13/15,193,93,13
8/20/15,193.1,94.5,12.5
8/27/15,191.9,83.4,11.8
9/3/15,192.4,88.2,11.2
9/10/15,192.5,88.6,10.8
9/17/15,193.1,94.2,10.4
9/24/15,193.2,95.4,10.5
10/1/15,193.2,95.2,10.4
10/8/15,194.3,100,10.6
10/15/15,195.5,100,10.9
10/22/15,196.1,100,11.4
10/29/15,196.1,100,11.9
11/5/15,195.9,98,12
11/12/15,195.7,96.7,11.8
11/19/15,195.1,91.4,11.2
11/26/15,196.3,100,11
12/3/15,196.8,100,11.1
12/10/15,196,93.5,10.9
12/17/15,195.6,90.4,10.9
12/24/15,196.7,99.4,10.8
12/31/15,198.1,100,10.9
1/7/16,197.8,96.8,11.2
1/14/16,196.5,86.5,11.2
1/21/16,196.3,84.1,10.8
1/28/16,197,90.7,10.3
2/4/16,198.2,100,10.2
2/11/16,197.9,97.9,10.3
2/18/16,198.2,99.9,10.6
2/25/16,198.6,100,10.8
3/3/16,199.3,100,10.9
3/10/16,200.1,100,11.3
3/17/16,200.4,100,11.7
3/24/16,201.1,100,12.1
3/31/16,201.7,100,12.5
4/7/16,202,100,12.8
4/14/16,202.3,100,13.1
4/21/16,203.2,100,13.4
4/28/16,203.9,100,13.8
5/5/16,203.9,99.7,14.1
5/12/16,203.6,97.9,14.2
5/19/16,203.4,96,14
5/26/16,204.1,100,13.8
6/2/16,204.9,100,13.9
6/9/16,205.9,100,14.2
6/16/16,205.6,98,14.5
6/23/16,205.4,95.8,14.5
6/30/16,204.9,91.8,14.2
7/7/16,205.8,99.6,14
7/14/16,206.5,100,13.9
7/21/16,207.3,100,14.1
7/28/16,207.6,100,14.6
8/4/16,207.9,100,14.8
8/11/16,208.2,100,15
8/18/16,208.2,100,14.9
8/25/16,209.6,100,15.1
9/1/16,210.2,100,15.4
9/8/16,210.9,100,15.8
9/15/16,210.7,97.8,16
9/22/16,211.2,100,16.1
9/29/16,211.1,99.1,15.9
10/6/16,210.9,97.6,15.5
10/13/16,210.8,97,15.2
10/20/16,210.6,95.1,14.7
10/27/16,211,98.1,14.4
11/3/16,210.8,96.8,14
11/10/16,211.1,99,13.8
11/17/16,212.3,100,13.9
11/24/16,212.7,100,14
12/1/16,212.9,100,14.3
12/8/16,213.5,100,14.5
12/15/16,214.5,100,14.8
12/22/16,214.9,100,15
12/29/16,214.5,96.7,15
1/5/17,214,92.8,14.8
1/12/17,214.4,96.2,14.4
1/19/17,215,100,14.1
1/26/17,214.8,98.3,13.8
2/2/17,215.2,100,13.8
2/9/17,215.4,100,13.7
2/16/17,216.1,100,13.6
2/23/17,216.5,100,13.6
3/2/17,218.2,100,14
3/9/17,218.8,100,14.5
3/16/17,219.7,100,15
3/23/17,220.8,100,15.7
3/30/17,220.9,100,16
4/6/17,221.1,100,16.2
4/13/17,221.5,100,16.2
4/20/17,221.9,100,16.1
4/27/17,223.3,100,16.3
5/4/17,223.9,100,16.6
5/11/17,225.2,100,17.2
5/18/17,225.6,100,17.7
5/25/17,224.8,94.1,17.6
6/1/17,224.5,92,17.3
6/8/17,224.6,92.5,16.8
6/15/17,224.2,90,16.1
6/22/17,224.1,89.2,15.5
6/29/17,224.5,92.2,15.2
7/6/17,224.6,92.7,14.8
7/13/17,225.1,96.1,14.7
7/20/17,225.5,99.2,14.6
7/27/17,226.3,100,14.7
8/3/17,226.7,100,14.8
8/10/17,227.3,100,15
8/17/17,227.2,99.6,15
8/24/17,227.1,99.1,14.9
8/31/17,226.1,91.4,14.4
9/7/17,225.8,89,13.7
9/14/17,225.6,88.1,13
9/21/17,225.2,85.2,12.3
9/28/17,226,90.9,12
10/5/17,226.9,97.1,12
10/12/17,227.5,100,12.1
10/19/17,227.9,100,12.4
10/26/17,229.9,100,13
11/2/17,231.2,100,13.7
11/9/17,232.2,100,14.5
11/16/17,233,100,15.3
11/23/17,233.2,100,15.7
11/30/17,233,98.7,15.7
12/7/17,233.3,100,15.6
12/14/17,234.1,100,15.5
12/21/17,234.3,100,15.3
12/28/17,236.4,100,15.8
1/4/18,238.4,100,16.6
1/11/18,240.4,100,17.6
1/18/18,240.9,100,18.7
1/25/18,240.2,95.2,19.1
2/1/18,239.7,91.8,18.9
2/8/18,238.2,81.6,18
2/15/18,237,73.4,16.6
2/22/18,238.4,82.6,15.8
3/1/18,238.4,82.7,15.1
3/8/18,238.4,83,14.7
3/15/18,239.4,89.9,14.9
3/22/18,239.5,90.7,14.8
3/29/18,238.9,86.2,14.6
4/5/18,239.7,91.7,14.5
4/12/18,239.9,93.2,14.3
4/19/18,240.5,97.8,14.2
4/26/18,241,100,14.3
5/3/18,241.9,100,14.5
5/10/18,242.5,100,14.7
5/17/18,244.2,100,15.2
5/24/18,244.7,100,15.7
5/31/18,244.1,96,15.9
6/7/18,243.9,95,15.9
6/14/18,244.7,100,15.6
6/21/18,244.6,99.4,15.3
6/28/18,244.9,100,15.1
7/5/18,244.8,99.4,14.9
7/12/18,245.7,100,14.8
7/19/18,246.2,100,14.8
7/26/18,246,99.1,14.7
8/2/18,246,99.2,14.6
8/9/18,246.1,99.9,14.3
8/16/18,246.2,100,14
8/23/18,246.6,100,13.8
8/30/18,247.3,100,13.7
9/6/18,247.7,100,13.7
9/13/18,247.9,100,13.8
9/20/18,249,100,13.9
9/27/18,249.7,100,14
10/4/18,250.2,100,14.2
10/11/18,250,98.2,14.2
10/18/18,249.1,92.5,13.8
10/25/18,248.8,90.4,13.3
11/1/18,248.6,89.3,12.6
11/8/18,250,98.4,12.2
11/15/18,249.8,96.9,12.1
11/22/18,249,92.1,11.8
11/29/18,247.5,81.6,11.3
12/6/18,248.1,85.9,10.6
12/13/18,246.9,77.8,9.8
12/20/18,245.1,65.4,8.8
12/27/18,244.2,59.7,7.9
1/3/19,245.5,68.5,7.2
1/10/19,246.9,77.3,7
1/17/19,248,85,7.5
1/24/19,248.9,91.3,8.3
1/31/19,247.9,84.3,8.7
2/7/19,248.3,87.2,8.9
2/14/19,247.9,84.6,8.7
2/21/19,248.7,89.5,8.5
2/28/19,249.7,96.5,8.7
3/7/19,250.6,100,9
3/14/19,250.8,100,9.4
3/21/19,251.9,100,9.9
3/28/19,252.4,100,10.3
4/4/19,253.7,100,10.7
4/11/19,254.9,100,11.3
4/18/19,256.5,100,12
4/25/19,257.9,100,12.9
5/2/19,258.6,100,13.7